marker	consensus	AC1017	Y3088
AX-599512202	0	0	NA
AX-388290165	0	0	NA
AX-388290169	0	0	NA
AX-605946863	0.231	0	0
AX-601588298	0.231	0	0
AX-601584222	0.231	0.231	NA
AX-599510928	0.231	0.231	NA
AX-611448575	0.462	0.231	0
AX-605928638	0.462	0.462	NA
AX-611416771	0.693	0.693	NA
AX-599515322	0.693	NA	0
AX-599514557	0.693	NA	0
AX-605929733	0.693	NA	0
AX-366044495	0.693	NA	0
AX-389142255	0.693	NA	0
AX-599511013	0.693	NA	0
AX-601584185	0.693	NA	0
AX-611417135	0.693	NA	0
AX-605927990	0.693	NA	0
AX-599510204	0.693	0.462	0
AX-605945180	0.693	0.462	0
AX-601813593	0.693	0.462	0
AX-599521190	0.693	0.462	0
AX-611445863	0.876	NA	0.183
AX-611415979	1.335	NA	0.642
AX-388198682	1.335	NA	0.642
AX-599506206	1.335	NA	0.642
AX-388198687	1.335	NA	0.642
AX-599517119	1.335	NA	0.642
AX-599504339	1.885	NA	1.192
AX-605352925	1.885	NA	1.192
AX-599515601	1.885	NA	1.192
AX-599504363	1.885	NA	1.192
AX-599515365	1.885	NA	1.192
AX-599503484	1.885	NA	1.192
AX-611442598	1.885	NA	1.192
AX-599513435	1.885	NA	1.192
AX-599511423	1.977	NA	1.284
AX-387903205	1.977	NA	1.284
AX-389146404	1.977	NA	1.284
AX-599501616	1.977	NA	1.284
AX-599511697	1.977	NA	1.284
AX-605352122	1.977	NA	1.284
AX-613756618	1.977	NA	1.284
AX-601587952	1.977	NA	1.284
AX-611410744	1.977	NA	1.284
AX-601583792	2.16	3.236	1.467
AX-117435798	2.16	3.467	1.467
AX-611437815	2.252	3.698	1.559
AX-601583744	2.252	NA	1.559
AX-605923826	2.252	NA	1.559
AX-599507235	2.252	NA	1.559
AX-611437207	2.252	NA	1.559
AX-599506825	2.252	NA	1.559
AX-599506405	2.252	NA	1.559
AX-611408292	2.252	NA	1.559
AX-605351883	2.252	NA	1.559
AX-599508999	2.252	NA	1.559
AX-389677262	2.252	NA	1.559
AX-599498179	2.252	NA	1.559
AX-599508669	2.252	NA	1.559
AX-601814528	2.252	NA	1.559
AX-605344695	2.252	NA	1.559
AX-599508340	2.252	NA	1.559
AX-605344541	2.252	NA	1.559
AX-605923509	2.252	NA	1.559
AX-601587726	2.252	NA	1.559
AX-605923278	2.252	NA	1.559
AX-599506345	2.252	NA	1.559
AX-613790358	2.252	NA	1.559
AX-599509356	2.252	3.236	1.559
AX-599509443	2.252	3.467	NA
AX-605939143	2.252	3.467	NA
AX-599498429	2.252	3.698	1.467
AX-611409720	2.344	3.698	NA
AX-389932434	2.344	3.698	NA
AX-605344542	2.344	3.929	NA
AX-387993776	2.344	3.929	NA
AX-599496878	2.344	3.929	1.559
AX-599507205	2.344	3.929	NA
AX-601712824	2.344	3.929	NA
AX-601814356	2.344	4.622	NA
AX-599494577	2.436	5.778	NA
AX-599494469	2.436	5.778	NA
AX-599504628	2.436	5.778	NA
AX-599494249	2.436	5.778	NA
AX-602186561	2.436	6.009	1.651
AX-611407507	2.436	NA	1.651
AX-611406822	2.436	NA	1.651
AX-600421690	2.436	NA	1.651
AX-611434854	2.436	NA	1.651
AX-601638776	2.436	NA	1.651
AX-611407143	2.436	NA	1.651
AX-605922873	2.436	NA	1.651
AX-386057891	2.436	NA	1.651
AX-611435571	2.436	NA	1.651
AX-599504433	2.436	NA	1.651
AX-599494225	2.436	NA	1.651
AX-599504025	2.436	NA	1.651
AX-605922738	2.436	NA	1.651
AX-601812703	2.667	6.009	NA
AX-611406491	2.667	6.009	NA
AX-599504085	2.667	6.009	NA
AX-602186413	2.711	NA	1.926
AX-601642213	2.711	NA	1.926
AX-606457447	2.898	6.471	NA
AX-613163241	2.898	7.164	NA
AX-602186390	2.898	7.164	NA
AX-601642191	3.129	7.395	NA
AX-388578973	3.129	7.395	NA
AX-602186146	3.129	7.395	NA
AX-388220754	3.129	7.395	NA
AX-613232415	3.129	7.395	NA
AX-613161799	3.129	7.626	NA
AX-601642167	3.169	7.857	2.384
AX-601642156	3.169	7.857	NA
AX-606455886	3.169	7.857	NA
AX-388851060	3.169	7.857	2.384
AX-601638631	3.169	7.857	NA
AX-606456136	3.169	7.857	NA
AX-601642155	3.169	7.857	NA
AX-388393898	3.169	7.857	NA
AX-389553207	3.169	7.857	NA
AX-606456156	3.169	NA	2.384
AX-602191716	3.169	NA	2.384
AX-250361219	3.169	NA	2.384
AX-602186039	3.169	NA	2.384
AX-613161290	3.169	NA	2.384
AX-601638601	3.169	NA	2.384
AX-602185970	3.169	NA	2.384
AX-602185964	3.169	NA	2.384
AX-601642106	3.352	8.411	2.567
AX-390102383	3.352	NA	2.567
AX-613160726	3.352	NA	2.567
AX-387984858	3.352	NA	2.567
AX-389732327	3.352	NA	2.567
AX-601638579	3.352	NA	2.567
AX-613159942	3.536	NA	2.751
AX-601642049	3.627	NA	2.842
AX-601642046	3.627	NA	2.842
AX-388303423	3.719	NA	2.934
AX-601638508	3.719	NA	2.934
AX-606444193	3.723	8.411	NA
AX-601638481	3.902	NA	3.117
AX-606443261	3.902	NA	3.117
AX-606442576	3.902	NA	3.117
AX-613158301	3.903	9.243	3.118
AX-613158086	3.903	9.243	3.118
AX-601642007	3.903	NA	3.118
AX-606442565	3.903	NA	3.118
AX-613228022	4.086	NA	3.301
AX-601638463	4.086	NA	3.301
AX-606453868	4.086	NA	3.301
AX-613158713	4.178	9.243	NA
AX-602185503	4.178	9.243	NA
AX-606454091	4.178	9.243	NA
AX-613592768	4.178	10.167	3.393
AX-613156840	4.178	10.167	3.393
AX-613227043	4.178	NA	3.393
AX-606731993	4.178	NA	3.393
AX-606731854	4.178	NA	3.393
AX-606731871	4.178	NA	3.393
AX-600809719	4.269	NA	3.484
AX-602008010	4.453	NA	3.668
AX-606442369	4.497	10.167	NA
AX-602302321	4.497	10.167	NA
AX-602190825	4.497	10.167	NA
AX-606203654	4.728	10.398	NA
AX-389334466	4.728	10.398	3.943
AX-389058346	4.728	10.398	3.943
AX-606203860	4.728	NA	3.943
AX-600811781	4.819	NA	4.034
AX-600441640	4.82	10.86	4.035
AX-388229672	4.82	10.86	NA
AX-600825741	4.911	NA	4.126
AX-612423000	4.911	NA	4.126
AX-600813617	4.911	NA	4.126
AX-389342923	4.911	NA	4.126
AX-600812774	4.911	NA	4.126
AX-602009176	5.003	NA	4.218
AX-600826958	5.003	NA	4.218
AX-600813629	5.003	NA	4.218
AX-389954032	5.003	NA	4.218
AX-600825306	5.051	11.091	NA
AX-600812109	5.051	11.091	NA
AX-600825750	5.051	11.091	NA
AX-600813812	5.051	11.553	4.218
AX-606231648	5.37	NA	4.585
AX-600813953	5.513	11.553	NA
AX-388333343	5.513	11.553	NA
AX-390146945	5.513	11.553	NA
AX-600814002	5.513	11.553	NA
AX-602035057	5.513	11.553	NA
AX-389586002	5.513	11.553	NA
AX-388338423	5.553	12.477	4.768
AX-613102869	5.92	NA	5.135
AX-613964067	6.286	NA	5.501
AX-602365270	6.287	NA	5.502
AX-388926839	6.437	12.477	NA
AX-600724595	6.561	NA	5.776
AX-612358538	6.745	NA	5.96
AX-605638869	6.745	NA	5.96
AX-390022648	6.899	12.939	NA
AX-602365242	7.13	13.17	NA
AX-388532737	7.13	13.17	NA
AX-389684053	7.13	13.17	NA
AX-600737516	7.13	13.17	NA
AX-600737445	7.13	13.17	NA
AX-612356252	7.13	13.17	NA
AX-387885355	7.13	13.17	NA
AX-600735454	7.13	13.17	NA
AX-600724483	7.309	NA	6.524
AX-612287839	7.99	NA	7.205
AX-600723773	7.99	NA	7.205
AX-600738011	7.99	NA	7.205
AX-612288123	8.269	13.664	NA
AX-389429862	8.54	14.159	7.755
AX-600737518	8.54	NA	7.755
AX-600738728	8.764	14.159	NA
AX-117415168	8.764	14.159	NA
AX-600738589	8.764	14.159	NA
AX-600723772	8.764	14.159	NA
AX-612287424	8.764	14.159	NA
AX-612285976	8.764	14.159	NA
AX-387885347	8.999	13.17	8.214
AX-605638325	8.999	14.39	8.214
AX-389904426	8.999	14.39	8.214
AX-600737161	8.999	NA	8.214
AX-600722752	8.999	NA	8.214
AX-600722643	8.999	NA	8.214
AX-387858065	8.999	NA	8.214
AX-601991830	8.999	NA	8.214
AX-601992248	8.999	NA	8.214
AX-600735531	8.999	NA	8.214
AX-600735397	8.999	NA	8.214
AX-387882609	8.999	NA	8.214
AX-600736701	8.999	NA	8.214
AX-388456291	8.999	NA	8.214
AX-386140319	8.999	NA	8.214
AX-600736076	8.999	NA	8.214
AX-600721616	8.999	NA	8.214
AX-600721181	8.999	NA	8.214
AX-612285966	8.999	NA	8.214
AX-600721135	8.999	NA	8.214
AX-600722733	9.457	14.852	NA
AX-600737040	9.457	14.852	NA
AX-601544704	9.457	14.852	8.672
AX-602129593	9.457	14.852	8.672
AX-117410352	9.457	14.852	8.672
AX-602124660	9.457	14.852	8.672
AX-601634776	9.457	14.852	8.672
AX-605836048	9.457	NA	8.672
AX-601544697	9.457	NA	8.672
AX-601550346	9.457	NA	8.672
AX-601643543	9.824	15.314	9.039
AX-602209839	9.824	NA	9.039
AX-601646871	9.824	NA	9.039
AX-606535497	9.824	NA	9.039
AX-606532591	9.916	15.314	9.131
AX-606532969	9.916	NA	9.131
AX-388565698	9.916	NA	9.131
AX-602209637	9.916	NA	9.131
AX-606533356	9.919	15.314	NA
AX-606532033	9.919	15.314	NA
AX-601643449	9.919	15.314	NA
AX-606520090	9.919	15.314	NA
AX-613364863	9.919	15.314	NA
AX-606527895	9.919	15.314	NA
AX-605689086	9.919	15.314	NA
AX-600971120	9.919	15.314	NA
AX-606533173	9.919	15.314	NA
AX-613299613	9.919	15.314	NA
AX-613369101	9.919	15.314	NA
AX-389008511	9.919	15.314	NA
AX-389534750	9.919	15.314	NA
AX-601643434	9.919	15.314	NA
AX-606518547	9.919	15.314	NA
AX-606518209	9.919	15.314	NA
AX-606515716	9.919	15.314	NA
AX-601643388	9.919	15.314	NA
AX-606526794	9.919	15.314	NA
AX-606526321	9.919	15.314	NA
AX-601643339	9.919	15.314	NA
AX-613748315	9.919	15.314	NA
AX-612537644	9.919	15.314	NA
AX-606520085	10.007	15.314	9.222
AX-602215114	10.007	NA	9.222
AX-613366122	10.007	NA	9.222
AX-613295479	10.191	NA	9.406
AX-613361968	10.466	15.314	9.681
AX-601646748	10.466	15.314	9.681
AX-602209385	10.466	NA	9.681
AX-117410862	10.466	NA	9.681
AX-601646726	10.466	NA	9.681
AX-606528256	10.466	NA	9.681
AX-602214865	10.466	NA	9.681
AX-613288609	10.558	15.314	9.773
AX-612467441	10.832	15.314	10.139
AX-600958370	10.924	NA	10.139
AX-600970067	10.924	NA	10.139
AX-612467190	10.924	NA	10.139
AX-601621772	11.474	15.314	10.781
AX-600971136	11.474	15.314	10.781
AX-600971863	11.657	15.776	10.964
AX-602372512	11.657	15.776	NA
AX-602257974	11.888	16.007	NA
AX-613484629	12.207	16.007	11.514
AX-601651934	12.207	16.007	11.514
AX-601651881	12.207	16.007	11.514
AX-613943933	12.207	NA	11.514
AX-613943845	12.207	NA	11.514
AX-601648634	12.207	NA	11.514
AX-613535150	12.483	NA	11.79
AX-602262745	12.581	16.7	NA
AX-602262669	12.581	16.7	NA
AX-601651835	12.581	16.7	NA
AX-602257376	12.581	16.7	NA
AX-389124175	12.581	16.7	NA
AX-601651812	12.581	16.7	NA
AX-602262515	12.581	16.7	NA
AX-606632886	12.581	16.7	NA
AX-387991458	12.941	16.7	12.248
AX-613534300	12.941	16.7	12.248
AX-389090052	12.941	16.7	12.248
AX-389124750	12.941	16.7	12.248
AX-601648565	12.941	16.7	12.248
AX-388657163	12.941	NA	12.248
AX-606620670	12.941	NA	12.248
AX-602262513	12.941	NA	12.248
AX-606632697	12.941	NA	12.248
AX-387716564	13.505	17.624	NA
AX-387712724	13.505	17.624	NA
AX-613536295	13.505	17.624	NA
AX-602277076	13.505	17.624	NA
AX-601650640	13.858	17.987	13.165
AX-600699387	13.858	NA	13.165
AX-601988675	13.858	NA	13.165
AX-388028521	13.858	NA	13.165
AX-601989071	13.949	NA	13.256
AX-600698580	13.949	NA	13.256
AX-601674176	14.041	NA	13.348
AX-614103419	14.041	NA	13.348
AX-614103590	14.133	NA	13.44
AX-605625803	14.23	18.349	NA
AX-600713696	14.23	18.349	NA
AX-605632773	14.23	18.349	NA
AX-601989062	14.23	18.349	NA
AX-602412921	14.462	18.581	NA
AX-600446089	14.462	18.581	NA
AX-252017169	14.683	NA	13.99
AX-614104184	14.866	NA	14.173
AX-613758785	15.233	19.736	14.54
AX-613026412	15.233	19.736	14.54
AX-613810948	15.233	19.736	14.54
AX-614104721	15.233	NA	14.54
AX-601674271	15.233	NA	14.54
AX-606335566	15.233	NA	14.54
AX-602132502	15.233	NA	14.54
AX-613024719	15.233	NA	14.54
AX-602137670	15.233	NA	14.54
AX-606333811	15.416	NA	14.723
AX-601653904	15.416	NA	14.723
AX-613023580	15.416	NA	14.723
AX-601636436	15.617	19.736	NA
AX-614104750	15.617	19.736	NA
AX-602413075	15.617	19.736	NA
AX-601671046	15.617	19.736	NA
AX-600443755	15.617	19.736	NA
AX-602132486	16.058	20.429	15.365
AX-389041516	16.058	20.429	15.365
AX-601636407	16.058	NA	15.365
AX-606343202	16.058	NA	15.365
AX-601632692	16.241	NA	15.548
AX-389041522	16.31	20.429	NA
AX-606332363	16.31	20.429	NA
AX-612949109	16.31	20.429	NA
AX-389015356	16.31	20.429	NA
AX-606342363	16.31	20.429	NA
AX-606342597	16.425	20.429	15.732
AX-613020433	16.608	20.429	15.915
AX-602137530	16.608	20.429	15.915
AX-601636330	16.608	20.429	15.915
AX-606331396	16.608	20.429	15.915
AX-613019895	16.608	NA	15.915
AX-602137445	16.608	NA	15.915
AX-613776456	16.608	NA	15.915
AX-388365986	16.608	NA	15.915
AX-606330409	16.883	20.429	16.19
AX-606330279	16.883	20.429	16.19
AX-606339540	16.883	NA	16.19
AX-613775942	16.883	NA	16.19
AX-606329266	16.883	NA	16.19
AX-612947688	16.883	NA	16.19
AX-606329849	16.883	NA	16.19
AX-606329110	16.883	NA	16.19
AX-602137188	16.883	NA	16.19
AX-612882426	16.883	NA	16.19
AX-117433511	16.975	NA	16.282
AX-601634103	17.082	NA	16.389
AX-601506598	17.301	21.122	NA
AX-601512039	17.617	NA	16.924
AX-388430571	17.892	NA	17.199
AX-602122117	17.994	21.815	NA
AX-601506853	17.994	21.815	NA
AX-612953696	17.994	21.815	NA
AX-600600793	17.994	21.815	NA
AX-601609096	17.994	21.815	NA
AX-602117554	18.075	NA	17.382
AX-601630432	18.075	NA	17.382
AX-605602001	18.075	NA	17.382
AX-613758964	18.075	NA	17.382
AX-601973315	18.075	NA	17.382
AX-600601196	18.167	NA	17.474
AX-602404729	18.167	NA	17.474
AX-613750365	18.258	NA	17.565
AX-613750286	18.365	22.277	17.672
AX-602404704	18.365	NA	17.672
AX-601672202	18.456	22.277	NA
AX-602236295	19.542	NA	18.849
AX-606577010	19.542	NA	18.849
AX-613449995	19.542	NA	18.849
AX-606565013	19.542	NA	18.849
AX-601648880	19.611	23.432	NA
AX-602236250	19.611	23.432	NA
AX-606564859	19.611	23.432	NA
AX-613380722	19.909	NA	19.216
AX-602236470	19.909	NA	19.216
AX-389939741	19.909	NA	19.216
AX-388754056	19.909	NA	19.216
AX-613381137	19.909	NA	19.216
AX-602231260	19.909	NA	19.216
AX-606565863	19.909	NA	19.216
AX-388351209	19.909	NA	19.216
AX-117416720	19.909	NA	19.216
AX-602231011	19.909	NA	19.216
AX-389163473	19.909	NA	19.216
AX-602236495	19.909	NA	19.216
AX-601645615	19.909	NA	19.216
AX-387819937	20.073	23.894	NA
AX-601645669	20.073	23.894	NA
AX-606566221	20.092	NA	19.399
AX-388341911	20.367	NA	19.674
AX-601645706	20.642	NA	19.949
AX-613383621	20.642	NA	19.949
AX-613893146	20.752	24.587	20.059
AX-613670919	20.752	NA	20.059
AX-602231639	20.766	24.587	NA
AX-613383885	20.766	24.587	NA
AX-613893408	20.766	24.587	NA
AX-613926700	20.766	24.587	NA
AX-601327682	20.997	24.818	NA
AX-602437361	21.192	NA	20.499
AX-600971532	21.459	25.28	NA
AX-612547460	21.459	25.28	NA
AX-389598892	21.459	25.28	NA
AX-600970180	21.459	25.28	NA
AX-600970511	21.459	25.28	NA
AX-600970483	21.459	25.28	NA
AX-600424849	23.118	25.28	22.425
AX-612547446	23.118	25.28	22.425
AX-601622164	23.118	25.28	22.425
AX-600982462	23.118	NA	22.425
AX-600981989	23.118	NA	22.425
AX-602031406	23.118	NA	22.425
AX-605691883	23.118	NA	22.425
AX-612477121	23.118	NA	22.425
AX-612476819	23.118	NA	22.425
AX-600981657	23.118	NA	22.425
AX-117401416	23.852	25.742	23.159
AX-601319380	23.955	26.31	NA
AX-612816083	24.035	NA	23.342
AX-606281228	24.31	NA	23.617
AX-601326875	24.402	NA	23.709
AX-601320446	24.493	27.545	23.8
AX-602080924	24.493	NA	23.8
AX-602080955	24.493	NA	23.8
AX-389090885	24.493	NA	23.8
AX-601320640	24.493	NA	23.8
AX-601320711	24.585	NA	23.892
AX-602084171	25.961	NA	25.268
AX-600149711	27.153	NA	26.46
AX-601909511	27.428	NA	26.735
AX-600150042	27.428	NA	26.735
AX-611927772	27.428	NA	26.735
AX-600149806	27.56	29.915	NA
AX-601633302	28.253	30.608	NA
AX-613051047	28.253	30.608	NA
AX-602143934	28.253	30.608	27.56
AX-601633348	28.253	30.608	NA
AX-612979865	28.253	30.608	NA
AX-613050497	28.253	30.608	NA
AX-601633303	28.253	30.608	NA
AX-602138518	28.253	30.608	NA
AX-602138676	28.253	30.608	NA
AX-117397585	28.253	30.608	NA
AX-388239112	28.253	30.608	NA
AX-600447155	28.253	NA	27.56
AX-389159261	28.253	NA	27.56
AX-612980753	28.253	NA	27.56
AX-389824358	28.253	NA	27.56
AX-602144013	28.253	NA	27.56
AX-389870191	28.253	NA	27.56
AX-600426524	28.253	NA	27.56
AX-606348838	28.253	NA	27.56
AX-612980693	28.253	NA	27.56
AX-388343926	29.261	32.354	28.568
AX-602144298	29.261	32.354	28.568
AX-612982982	29.261	32.354	28.568
AX-612982924	29.261	NA	28.568
AX-606360074	29.261	NA	28.568
AX-602144226	29.261	NA	28.568
AX-612982567	29.261	NA	28.568
AX-613053388	29.261	NA	28.568
AX-613658623	29.399	31.674	28.706
AX-602308008	29.536	NA	28.843
AX-613624028	29.536	NA	28.843
AX-601637044	29.662	32.354	NA
AX-601633392	29.662	32.354	NA
AX-606752427	29.662	32.354	NA
AX-602307959	29.662	32.354	NA
AX-613658268	29.662	32.354	NA
AX-612982582	29.662	32.354	NA
AX-602138943	29.662	32.354	NA
AX-601633407	29.662	32.354	NA
AX-606752651	29.662	32.354	NA
AX-602307972	29.662	32.354	NA
AX-252012995	29.662	32.354	NA
AX-388699519	29.811	NA	29.118
AX-606752050	29.811	NA	29.118
AX-613623412	29.893	32.585	NA
AX-602313003	29.893	32.585	NA
AX-613657194	29.893	32.585	NA
AX-602313245	30.086	NA	29.393
AX-606751651	30.086	NA	29.393
AX-613623337	30.086	NA	29.393
AX-388804848	30.493	33.278	NA
AX-613656845	30.493	33.278	NA
AX-606764126	30.493	33.278	NA
AX-601659775	30.493	33.278	NA
AX-613622064	30.493	33.278	NA
AX-606764002	30.586	33.278	29.893
AX-601656360	30.586	33.971	29.893
AX-613656865	30.586	NA	29.893
AX-602307387	30.586	NA	29.893
AX-613622229	30.586	NA	29.893
AX-601656356	30.586	NA	29.893
AX-602312808	30.586	NA	29.893
AX-600445844	30.878	33.971	NA
AX-606750500	30.878	33.971	NA
AX-614038432	30.878	33.971	NA
AX-602386663	30.878	33.971	NA
AX-387821733	30.878	33.971	NA
AX-602340470	30.878	33.971	NA
AX-605675584	30.878	33.971	NA
AX-614038777	31.186	33.971	30.493
AX-387821750	31.186	33.971	30.493
AX-602404055	31.186	34.433	NA
AX-601669625	31.187	NA	30.494
AX-614083053	31.278	34.433	30.585
AX-602404148	31.278	34.433	30.585
AX-602404116	31.278	34.433	30.585
AX-614082963	31.278	NA	30.585
AX-614083235	31.278	NA	30.585
AX-613754759	31.278	NA	30.585
AX-613869651	31.278	NA	30.585
AX-613903116	31.278	NA	30.585
AX-613720791	31.278	NA	30.585
AX-602340915	31.278	NA	30.585
AX-602345717	31.37	34.895	30.677
AX-387700315	31.37	NA	30.677
AX-388632506	31.37	NA	30.677
AX-602340827	31.37	NA	30.677
AX-387699547	31.37	NA	30.677
AX-601661076	31.37	NA	30.677
AX-605676593	31.462	34.895	30.769
AX-602340398	31.462	NA	30.769
AX-613867675	31.462	NA	30.769
AX-606215003	31.462	NA	30.769
AX-613867830	31.462	NA	30.769
AX-602340437	31.462	NA	30.769
AX-602019459	31.554	NA	30.861
AX-602018132	31.554	NA	30.861
AX-600891907	31.6	NA	30.907
AX-388360206	31.6	NA	30.907
AX-602019004	31.6	NA	30.907
AX-614146420	31.645	34.895	30.952
AX-606427926	31.645	34.895	30.952
AX-388798453	31.645	34.895	30.952
AX-600877846	31.645	34.895	30.952
AX-612473492	31.645	NA	30.952
AX-600889231	31.645	NA	30.952
AX-606670737	31.645	NA	30.952
AX-601705254	31.645	NA	30.952
AX-614113552	31.645	NA	30.952
AX-602443084	31.645	NA	30.952
AX-606425316	31.645	NA	30.952
AX-602017558	31.645	NA	30.952
AX-601616297	31.645	NA	30.952
AX-602342750	31.645	NA	30.952
AX-613890025	31.645	NA	30.952
AX-602335935	31.645	NA	30.952
AX-602359674	31.645	NA	30.952
AX-602274845	31.645	NA	30.952
AX-602281438	31.645	NA	30.952
AX-613534788	31.645	NA	30.952
AX-602282288	31.645	NA	30.952
AX-601704203	31.645	NA	30.952
AX-602551175	31.645	NA	30.952
AX-601701484	31.645	NA	30.952
AX-605868898	31.645	NA	30.952
AX-601706293	31.645	NA	30.952
AX-606586539	31.645	NA	30.952
AX-602184068	31.645	NA	30.952
AX-601636922	31.645	NA	30.952
AX-613102267	31.645	NA	30.952
AX-602175191	31.645	NA	30.952
AX-602272776	31.645	NA	30.952
AX-601950323	31.645	NA	30.952
AX-387779466	31.645	NA	30.952
AX-605668858	31.646	34.895	30.953
AX-613715029	31.646	34.895	30.953
AX-606657629	31.646	34.895	30.953
AX-602175167	31.646	34.895	30.953
AX-613915111	31.646	NA	30.953
AX-613917524	31.646	NA	30.953
AX-602281736	31.646	NA	30.953
AX-602017888	31.646	NA	30.953
AX-602017690	31.646	NA	30.953
AX-602342539	31.646	NA	30.953
AX-613856279	31.646	NA	30.953
AX-613856275	31.646	NA	30.953
AX-601666182	31.646	NA	30.953
AX-613917586	31.646	NA	30.953
AX-613531915	31.646	NA	30.953
AX-602280004	31.646	NA	30.953
AX-613570468	31.646	NA	30.953
AX-613535551	31.646	NA	30.953
AX-601706042	31.646	NA	30.953
AX-602416695	31.646	NA	30.953
AX-602179525	31.646	NA	30.953
AX-600437130	31.646	NA	30.953
AX-601950040	31.646	NA	30.953
AX-601949788	31.646	NA	30.953
AX-600417763	31.646	NA	30.953
AX-388999009	31.646	NA	30.953
AX-613869095	31.648	34.895	NA
AX-613901375	31.648	34.895	NA
AX-602345573	31.648	34.895	NA
AX-613867537	31.648	34.895	NA
AX-600893055	31.648	34.895	NA
AX-388790678	31.648	34.895	NA
AX-613948765	31.648	34.895	NA
AX-601950419	31.648	34.895	NA
AX-613868680	31.648	34.895	NA
AX-613868385	31.648	34.895	NA
AX-602340493	31.648	34.895	NA
AX-600891697	31.648	34.895	NA
AX-600878289	31.648	34.895	NA
AX-600890579	31.648	34.895	NA
AX-600889158	31.648	34.895	NA
AX-602018500	31.648	34.895	NA
AX-602341746	31.648	34.895	NA
AX-388240582	31.648	34.895	NA
AX-602341482	31.648	34.895	NA
AX-602341130	31.648	34.895	NA
AX-601660365	31.648	34.895	NA
AX-614207058	31.648	34.895	NA
AX-606425510	31.648	34.895	NA
AX-613171997	31.648	34.895	NA
AX-601950069	31.648	34.895	NA
AX-613578785	31.648	34.895	NA
AX-602293386	31.648	34.895	NA
AX-601387450	31.648	34.895	NA
AX-602091353	31.648	34.895	NA
AX-602017718	31.648	34.895	NA
AX-602417952	31.648	34.895	NA
AX-600430526	31.737	34.895	31.044
AX-601949081	31.737	NA	31.044
AX-388326460	31.737	NA	31.044
AX-387815976	31.737	NA	31.044
AX-601948286	31.737	NA	31.044
AX-601948727	31.737	NA	31.044
AX-613579532	31.829	NA	31.136
AX-602387071	31.829	NA	31.136
AX-602426913	31.829	NA	31.136
AX-389073887	31.829	NA	31.136
AX-601384800	31.829	NA	31.136
AX-606715735	31.829	NA	31.136
AX-602292878	31.829	NA	31.136
AX-612860746	31.829	NA	31.136
AX-601381010	31.829	NA	31.136
AX-601384283	31.829	NA	31.136
AX-387777950	31.829	NA	31.136
AX-614180778	31.829	34.895	31.136
AX-390021879	31.829	34.895	31.136
AX-599919355	31.877	35.126	NA
AX-601671940	31.878	35.127	NA
AX-601671934	31.878	35.127	NA
AX-601668748	31.878	35.127	NA
AX-601671908	31.878	35.127	NA
AX-602222524	31.878	35.127	NA
AX-602217527	31.878	35.127	NA
AX-606040183	31.878	35.127	NA
AX-599914119	31.878	35.127	NA
AX-599916522	31.878	35.127	NA
AX-389659593	31.878	35.127	NA
AX-614049618	31.878	35.127	NA
AX-601668794	31.878	35.127	NA
AX-388933333	31.878	35.127	NA
AX-601671911	31.878	35.127	NA
AX-599897917	31.921	35.127	31.228
AX-601867865	31.921	35.358	31.228
AX-599897150	31.921	NA	31.228
AX-599874901	31.921	NA	31.228
AX-606049432	31.921	NA	31.228
AX-599901954	31.921	NA	31.228
AX-599869975	31.921	NA	31.228
AX-599870057	31.921	NA	31.228
AX-390029169	31.921	NA	31.228
AX-601592891	31.921	NA	31.228
AX-599901089	31.921	NA	31.228
AX-599901930	31.921	NA	31.228
AX-611672187	32.013	35.127	31.32
AX-599878843	32.013	NA	31.32
AX-606050310	32.013	NA	31.32
AX-599880865	32.013	NA	31.32
AX-599907345	32.013	NA	31.32
AX-611730566	32.013	NA	31.32
AX-599887244	32.013	NA	31.32
AX-601596985	32.013	NA	31.32
AX-611680238	32.013	NA	31.32
AX-601596841	32.013	NA	31.32
AX-599906203	32.013	NA	31.32
AX-389211468	32.013	NA	31.32
AX-599881871	32.013	NA	31.32
AX-601868540	32.013	NA	31.32
AX-599883852	32.013	NA	31.32
AX-611728098	32.013	NA	31.32
AX-389607179	32.013	NA	31.32
AX-389590850	32.013	NA	31.32
AX-605436079	32.013	NA	31.32
AX-599910822	32.013	NA	31.32
AX-601593014	32.013	NA	31.32
AX-599886915	32.013	NA	31.32
AX-599888264	32.013	NA	31.32
AX-606044217	32.013	NA	31.32
AX-599919946	32.013	NA	31.32
AX-613402702	32.109	35.358	NA
AX-611716762	32.109	35.358	NA
AX-611665517	32.109	35.358	NA
AX-599872275	32.109	35.358	NA
AX-599898327	32.109	35.358	NA
AX-601596818	32.109	35.358	NA
AX-601869340	32.109	35.358	NA
AX-601592992	32.109	35.358	NA
AX-613795339	32.109	35.358	NA
AX-599916399	32.109	35.358	NA
AX-599917483	32.109	35.358	NA
AX-611734460	32.109	35.358	NA
AX-613794848	32.109	35.358	NA
AX-599875763	32.109	35.358	NA
AX-599879260	32.109	35.358	NA
AX-601593070	32.109	35.358	NA
AX-605436870	32.109	35.358	NA
AX-599893537	32.109	35.358	NA
AX-602152433	32.196	35.589	31.503
AX-613033441	32.196	35.589	31.503
AX-602158271	32.196	35.589	31.503
AX-601634884	32.196	35.589	31.503
AX-602242619	32.196	NA	31.503
AX-601649703	32.196	NA	31.503
AX-606377617	32.196	NA	31.503
AX-606591367	32.196	NA	31.503
AX-389066872	32.196	NA	31.503
AX-602242400	32.196	NA	31.503
AX-613035316	32.196	NA	31.503
AX-606378527	32.196	NA	31.503
AX-389252123	32.24	35.589	NA
AX-601649759	32.24	35.589	NA
AX-389761740	32.24	35.589	NA
AX-388269902	32.24	35.589	NA
AX-389748950	32.24	35.589	NA
AX-389066859	32.24	35.589	NA
AX-613033795	32.24	35.589	NA
AX-117409918	32.24	35.589	NA
AX-602249894	32.38	35.82	31.687
AX-613437548	32.38	35.82	NA
AX-602249988	32.38	NA	31.687
AX-388355727	32.471	35.82	31.778
AX-606605805	32.471	36.283	NA
AX-602244342	32.471	NA	31.778
AX-613497805	32.471	NA	31.778
AX-613435026	32.563	NA	31.87
AX-613496990	32.563	NA	31.87
AX-606593492	32.563	NA	31.87
AX-606605397	32.563	NA	31.87
AX-602248616	32.655	36.745	31.962
AX-613493702	32.655	36.745	NA
AX-388516328	32.655	36.745	NA
AX-387701620	32.655	36.745	NA
AX-602248831	32.655	36.745	NA
AX-613431578	32.655	NA	31.962
AX-606592047	32.655	NA	31.962
AX-388356619	32.655	NA	31.962
AX-606689382	32.655	NA	31.962
AX-601652897	33.117	37.207	NA
AX-601534133	33.117	37.207	NA
AX-611155989	33.117	37.207	NA
AX-602287510	33.123	NA	32.43
AX-613600668	33.14	NA	32.447
AX-613600326	33.14	NA	32.447
AX-606688127	33.14	NA	32.447
AX-606701170	33.14	NA	32.447
AX-602128053	33.415	NA	32.722
AX-612903208	33.415	NA	32.722
AX-601567817	33.507	NA	32.814
AX-601706813	33.507	NA	32.814
AX-605251267	33.579	37.669	NA
AX-611151655	33.579	37.669	NA
AX-601703931	33.579	37.669	NA
AX-601704520	33.579	37.669	NA
AX-601708292	33.579	37.669	NA
AX-601708398	33.579	37.669	NA
AX-602556589	33.579	37.669	NA
AX-605251414	33.579	37.669	NA
AX-601703968	33.579	37.669	NA
AX-602553542	33.579	37.669	NA
AX-601568130	33.579	37.669	NA
AX-601567882	33.599	NA	32.906
AX-611152155	33.699	NA	33.006
AX-388619351	33.799	37.669	33.106
AX-389029226	33.799	37.669	33.106
AX-601707310	33.799	37.669	33.106
AX-605251793	33.799	37.669	33.106
AX-601705078	33.799	NA	33.106
AX-601568004	33.799	NA	33.106
AX-601568188	34.532	NA	33.839
AX-602560829	34.532	NA	33.839
AX-611154962	34.624	38.788	33.931
AX-602556540	34.624	40.535	NA
AX-602560642	34.624	NA	33.931
AX-602561865	34.716	NA	34.023
AX-602556862	34.899	NA	34.206
AX-389717867	34.899	41.295	34.206
AX-389871419	35.082	NA	34.389
AX-602562781	35.174	NA	34.481
AX-389145365	35.174	NA	34.481
AX-602557812	35.507	NA	34.814
AX-602557926	35.507	NA	34.814
AX-602563486	36.024	NA	35.331
AX-611163711	36.574	NA	35.881
AX-601572672	36.665	43.172	NA
AX-387921285	36.665	43.173	NA
AX-601709486	36.665	43.173	NA
AX-601706663	36.665	43.173	NA
AX-611158561	36.665	44.559	35.972
AX-602564938	36.665	NA	35.972
AX-601706988	36.849	44.559	36.156
AX-389236652	36.849	NA	36.156
AX-601568471	36.849	NA	36.156
AX-602565747	36.94	44.559	NA
AX-601710147	36.94	44.79	36.247
AX-602560626	36.94	NA	36.247
AX-600711411	40.245	46.809	NA
AX-600711534	40.245	46.809	39.552
AX-612337231	40.245	46.809	NA
AX-601615194	40.245	NA	39.552
AX-388385124	40.245	NA	39.552
AX-600711224	40.245	NA	39.552
AX-600711335	40.245	NA	39.552
AX-612065689	41.002	47.566	NA
AX-611996860	41.002	47.566	NA
AX-612066268	41.002	47.566	NA
AX-600350644	41.002	47.566	NA
AX-600350822	42.043	47.566	41.654
AX-600350567	42.043	47.566	41.654
AX-601603923	42.043	48.259	NA
AX-601936484	42.043	48.259	NA
AX-388299507	42.043	48.259	NA
AX-388205262	42.347	NA	41.654
AX-606116954	42.538	NA	41.845
AX-600329950	42.538	NA	41.845
AX-600330370	42.538	NA	41.845
AX-600330220	42.538	NA	41.845
AX-600349630	42.538	NA	41.845
AX-601936453	42.538	NA	41.845
AX-600329427	42.905	49.182	42.212
AX-601603897	42.905	NA	42.212
AX-601936357	42.905	NA	42.212
AX-388270790	42.905	NA	42.212
AX-601603887	42.905	NA	42.212
AX-611995504	42.905	NA	42.212
AX-600329193	42.905	NA	42.212
AX-600329530	42.905	NA	42.212
AX-601603876	42.966	49.182	NA
AX-600348687	43.005	49.182	42.312
AX-606116778	43.005	NA	42.312
AX-606116692	43.105	NA	42.412
AX-388445704	43.105	NA	42.412
AX-600348075	43.105	NA	42.412
AX-601603866	43.197	49.413	NA
AX-601603868	43.197	49.645	42.412
AX-600328521	43.197	NA	42.504
AX-600405748	43.472	49.645	42.779
AX-612052998	43.472	49.645	42.779
AX-600406079	43.472	NA	42.779
AX-612052892	43.472	NA	42.779
AX-117416447	43.472	NA	42.779
AX-601947179	43.472	NA	42.779
AX-600424098	43.564	NA	42.871
AX-389396316	43.564	NA	42.871
AX-612122406	43.564	NA	42.871
AX-612122504	43.655	NA	42.962
AX-389902148	44.022	NA	43.329
AX-601947422	44.022	NA	43.329
AX-389109243	44.022	NA	43.329
AX-388231437	44.022	NA	43.329
AX-606138375	44.022	NA	43.329
AX-600407872	44.352	50.568	NA
AX-600426047	44.664	50.569	43.971
AX-601662153	45.045	51.261	NA
AX-117398167	45.045	51.261	NA
AX-601665549	45.045	51.261	NA
AX-613898704	45.122	NA	44.429
AX-388140909	45.122	NA	44.429
AX-613931693	45.122	NA	44.429
AX-602699623	45.489	51.492	44.796
AX-605898601	45.489	NA	44.796
AX-605890546	45.489	NA	44.796
AX-605301494	45.489	NA	44.796
AX-601764095	45.489	NA	44.796
AX-601764038	45.489	NA	44.796
AX-601761792	45.856	NA	45.163
AX-602699147	45.856	NA	45.163
AX-605301222	45.856	NA	45.163
AX-601763796	45.856	NA	45.163
AX-605898391	46.406	52.878	45.713
AX-611284186	46.406	NA	45.713
AX-601581156	46.406	NA	45.713
AX-602698624	46.662	52.878	NA
AX-602692823	46.662	52.878	NA
AX-611268320	46.772	NA	46.079
AX-601763686	46.887	53.109	NA
AX-388405324	46.887	53.109	NA
AX-601576890	46.887	53.109	NA
AX-601576875	46.887	53.11	46.194
AX-251839871	47.119	53.341	NA
AX-388405347	47.119	53.341	NA
AX-601576877	47.119	53.341	NA
AX-602698154	47.119	53.341	NA
AX-611268007	47.119	53.341	NA
AX-602697804	47.119	53.341	NA
AX-601581021	47.119	53.341	NA
AX-601576838	47.119	53.341	NA
AX-389868050	47.119	53.341	NA
AX-611283038	47.119	53.341	NA
AX-601763288	47.119	53.341	NA
AX-602692247	47.231	NA	46.538
AX-601761471	47.414	NA	46.721
AX-388465808	47.414	NA	46.721
AX-605300909	47.414	NA	46.721
AX-605898081	47.414	NA	46.721
AX-601581002	47.414	NA	46.721
AX-601761315	47.598	53.341	46.905
AX-389195246	47.598	53.341	46.905
AX-601580993	47.598	NA	46.905
AX-601763383	47.598	NA	46.905
AX-388170321	47.598	NA	46.905
AX-602691550	47.598	NA	46.905
AX-389237656	47.873	NA	47.18
AX-613754889	47.964	53.341	47.271
AX-602691154	47.964	54.341	47.271
AX-611267385	47.964	NA	47.271
AX-605898393	48.945	55.322	NA
AX-601763719	48.945	55.322	NA
AX-389237654	48.945	55.322	NA
AX-602531118	48.946	55.323	NA
AX-611134499	48.946	55.323	NA
AX-601566475	49.282	NA	48.589
AX-611135164	49.282	NA	48.589
AX-602536870	49.89	NA	49.197
AX-388248000	49.89	NA	49.197
AX-388384647	50.074	NA	49.381
AX-388374029	50.074	NA	49.381
AX-388231324	50.624	57.558	49.931
AX-601699319	50.624	NA	49.931
AX-605252587	50.624	NA	49.931
AX-601696147	50.624	NA	49.931
AX-388343218	50.624	NA	49.931
AX-601566570	50.624	NA	49.931
AX-605865679	50.899	NA	50.206
AX-605252891	50.99	NA	50.297
AX-605252901	50.99	NA	50.297
AX-601570891	50.99	NA	50.297
AX-601699785	50.99	NA	50.297
AX-601570845	51.181	57.558	NA
AX-601696149	51.181	57.558	NA
AX-601699558	51.181	57.558	NA
AX-601566618	51.181	57.558	NA
AX-601570854	51.181	57.558	NA
AX-605253187	51.265	58.309	50.572
AX-602534815	51.265	58.309	50.572
AX-389599958	51.265	58.309	NA
AX-601566756	51.265	58.309	NA
AX-602534448	51.265	NA	50.572
AX-601566799	51.357	NA	50.664
AX-388329700	51.357	NA	50.664
AX-601566841	51.357	NA	50.664
AX-602540511	51.357	NA	50.664
AX-602535347	51.357	NA	50.664
AX-601700268	51.357	NA	50.664
AX-602535698	51.357	NA	50.664
AX-601566875	51.357	NA	50.664
AX-605246561	51.357	NA	50.664
AX-601937840	51.907	NA	51.214
AX-600364215	51.907	NA	51.214
AX-612007930	51.907	NA	51.214
AX-600364465	51.907	NA	51.214
AX-601604363	51.907	NA	51.214
AX-601937993	52.091	NA	51.398
AX-600364911	52.091	NA	51.398
AX-612077217	52.091	NA	51.398
AX-600464004	52.091	NA	51.398
AX-600463739	52.366	NA	51.673
AX-612072529	52.366	NA	51.673
AX-601606398	52.457	NA	51.764
AX-600445557	52.458	59.866	NA
AX-600445799	52.458	60.342	NA
AX-612141785	52.458	60.342	NA
AX-612072229	52.458	60.342	51.765
AX-612072419	52.458	NA	51.765
AX-601952979	52.458	NA	51.765
AX-117403259	53.191	NA	52.498
AX-601211558	53.191	NA	52.498
AX-601211616	53.191	NA	52.498
AX-605753204	53.191	NA	52.498
AX-602066474	53.191	NA	52.498
AX-613671386	53.649	NA	52.956
AX-602348055	53.649	NA	52.956
AX-388028911	53.741	NA	53.048
AX-388025832	53.741	NA	53.048
AX-389375890	53.741	NA	53.048
AX-613897357	53.833	NA	53.14
AX-613612825	53.924	NA	53.231
AX-600442792	54.132	62.016	NA
AX-601873492	54.933	NA	54.24
AX-386093830	55.025	NA	54.332
AX-601873545	55.116	65.879	54.423
AX-606754205	55.116	66.62	53.231
AX-613279087	55.116	NA	53.232
AX-606740980	55.116	NA	53.232
AX-601655729	55.116	NA	53.232
AX-601873525	55.116	NA	54.423
AX-601873539	55.116	NA	54.423
AX-601873547	55.116	NA	54.423
AX-599942083	55.116	NA	54.423
AX-611697955	55.208	NA	54.515
AX-599942317	55.208	NA	54.515
AX-387754500	55.208	NA	54.515
AX-601872665	55.575	NA	54.882
AX-389301213	55.575	NA	54.882
AX-389005243	55.575	NA	54.882
AX-389301222	55.575	NA	54.882
AX-599918486	55.575	NA	54.882
AX-599918744	55.667	NA	54.974
AX-599944312	55.758	NA	55.065
AX-601659098	55.914	66.62	NA
AX-606754556	55.914	66.62	NA
AX-599919067	55.942	NA	55.249
AX-601874117	56.033	NA	55.34
AX-389008589	56.033	NA	55.34
AX-599945654	56.033	NA	55.34
AX-599946237	56.217	NA	55.524
AX-611756088	56.217	NA	55.524
AX-606057805	56.492	NA	55.799
AX-611700787	56.675	NA	55.982
AX-601593850	56.675	NA	55.982
AX-599946941	56.675	NA	55.982
AX-599947534	56.95	NA	56.257
AX-606057983	57.683	69.414	56.99
AX-388341355	57.684	NA	56.991
AX-599922782	57.684	NA	56.991
AX-605444994	57.684	NA	56.991
AX-600905264	57.867	NA	57.174
AX-388710537	58.471	NA	57.778
AX-602020358	58.899	NA	58.206
AX-600893609	58.899	NA	58.206
AX-601620383	59.15	NA	58.457
AX-117396470	59.15	NA	58.457
AX-388219896	59.242	NA	58.549
AX-600894043	59.517	NA	58.824
AX-612486117	59.517	NA	58.824
AX-612416526	59.517	NA	58.824
AX-599948155	59.881	70.587	NA
AX-389783551	59.881	70.587	NA
AX-388672282	59.884	NA	59.191
AX-600906852	60.18	NA	59.487
AX-612486918	61.102	71.808	NA
AX-600894872	61.168	NA	60.475
AX-388302819	61.567	NA	60.874
AX-613803534	62.316	NA	61.623
AX-600908241	63.002	NA	62.309
AX-600896027	63.094	NA	62.401
AX-556502797	63.094	NA	62.401
AX-601663738	64.634	NA	63.941
AX-602366590	64.634	NA	63.941
AX-602371379	65.019	NA	64.326
AX-606482933	65.281	NA	64.588
AX-389082379	65.936	NA	65.243
AX-601581942	65.936	NA	65.243
AX-599408090	66.028	NA	65.335
AX-599408362	66.028	NA	65.335
AX-599408635	66.028	NA	65.335
AX-611369225	66.028	NA	65.335
AX-605907805	66.028	NA	65.335
AX-601801125	66.211	NA	65.518
AX-388383909	66.211	NA	65.518
AX-388243682	66.578	NA	65.885
AX-611346075	66.578	NA	65.885
AX-601586023	66.669	NA	65.976
AX-388272440	66.853	NA	66.16
AX-599407653	67.311	NA	66.618
AX-605328741	67.311	NA	66.618
AX-599406671	67.77	NA	67.077
AX-599405620	67.77	NA	67.077
AX-599407309	67.77	NA	67.077
AX-599406879	67.77	NA	67.077
AX-601581858	67.77	NA	67.077
AX-601799363	67.77	NA	67.077
AX-605907365	67.77	NA	67.077
AX-605328409	67.77	NA	67.077
AX-387841113	68.136	NA	67.443
AX-601955696	68.136	NA	67.443
AX-601607032	68.136	NA	67.443
AX-601607027	68.136	NA	67.443
AX-606145281	68.136	NA	67.443
AX-602338170	68.228	NA	67.535
AX-602332933	68.228	NA	67.535
AX-613871269	68.228	NA	67.535
AX-600467126	68.228	NA	67.535
AX-613870438	68.228	NA	67.535
AX-388047611	68.228	NA	67.535
AX-613837983	68.503	NA	67.81
AX-613871747	68.686	NA	67.993
AX-601659691	68.686	NA	67.993
AX-613872539	68.986	NA	68.293
AX-613692511	68.986	NA	68.293
AX-613873109	69.787	NA	69.094
AX-601663179	69.787	NA	69.094
AX-389462958	69.878	NA	69.185
AX-388286614	69.97	NA	69.277
AX-600929924	69.97	NA	69.277
AX-600917242	70.153	NA	69.46
AX-601621046	70.153	NA	69.46
AX-600930461	70.153	NA	69.46
AX-600929616	70.153	NA	69.46
AX-605678595	70.153	NA	69.46
AX-389730906	70.153	NA	69.46
AX-600928813	70.337	NA	69.644
AX-600928980	70.337	NA	69.644
AX-601617317	70.337	NA	69.644
AX-606220290	70.428	NA	69.735
AX-389037992	70.52	NA	69.827
AX-605678057	70.52	NA	69.827
AX-600927515	70.52	NA	69.827
AX-600914928	70.978	NA	70.285
AX-602024873	70.979	NA	70.286
AX-605747513	70.979	NA	70.286
AX-612670125	71.145	81.851	NA
AX-602068874	71.437	NA	70.744
AX-612740674	71.437	NA	70.744
AX-601228916	71.529	NA	70.836
AX-601220661	71.529	NA	70.836
AX-601624526	71.62	NA	70.927
AX-601228308	71.72	NA	71.027
AX-613896210	72.721	NA	72.028
AX-601664198	72.721	NA	72.028
AX-613896817	72.721	NA	72.028
AX-613663201	72.721	NA	72.028
AX-602338548	72.721	NA	72.028
AX-602343838	72.904	NA	72.211
AX-605894700	72.904	NA	72.211
AX-605886554	72.904	NA	72.211
AX-602679618	74.004	NA	73.311
AX-601579743	74.187	NA	73.494
AX-611265433	74.554	NA	73.861
AX-389045764	74.737	NA	74.044
AX-602678036	74.737	NA	74.044
AX-601579688	74.737	NA	74.044
AX-602672281	74.829	NA	74.136
AX-601584790	75.104	NA	74.411
AX-599539623	75.104	NA	74.411
AX-599554099	75.104	NA	74.411
AX-601588805	75.104	NA	74.411
AX-388481436	75.104	NA	74.411
AX-601584783	75.104	NA	74.411
AX-117417449	75.104	NA	74.411
AX-599539679	75.104	NA	74.411
AX-389408083	75.288	NA	74.595
AX-601819909	75.288	NA	74.595
AX-599554975	75.288	NA	74.595
AX-605954455	75.288	NA	74.595
AX-389408063	75.288	NA	74.595
AX-599554980	75.288	NA	74.595
AX-599555186	75.288	NA	74.595
AX-605354543	75.563	NA	74.87
AX-601821667	75.563	NA	74.87
AX-388314786	75.563	NA	74.87
AX-599556347	75.563	NA	74.87
AX-599558056	75.746	86.452	75.053
AX-611472729	75.746	NA	75.053
AX-389963507	75.746	NA	75.053
AX-601588947	75.746	NA	75.053
AX-601820422	75.746	NA	75.053
AX-388001619	75.746	NA	75.053
AX-599543525	75.746	NA	75.053
AX-612116370	76.938	NA	76.245
AX-601945991	76.938	NA	76.245
AX-605564738	76.938	NA	76.245
AX-600417301	76.938	NA	76.245
AX-606590717	77.03	NA	76.337
AX-601647098	77.03	NA	76.337
AX-388728229	77.03	NA	76.337
AX-606602225	77.03	NA	76.337
AX-602242464	77.03	NA	76.337
AX-389570656	77.03	NA	76.337
AX-389686073	77.03	NA	76.337
AX-613427776	77.03	NA	76.337
AX-613491791	77.03	NA	76.337
AX-601650410	77.03	NA	76.337
AX-388373290	77.03	NA	76.337
AX-602242325	77.03	NA	76.337
AX-388724104	77.121	NA	76.428
AX-387879270	77.305	NA	76.612
AX-388234384	77.305	NA	76.612
AX-601650198	77.305	NA	76.612
AX-389130997	77.305	NA	76.612
AX-389809568	77.305	NA	76.612
AX-602240634	77.396	NA	76.703
AX-602240533	77.396	NA	76.703
AX-613421676	77.397	NA	76.704
AX-611651920	77.55	88.142	NA
AX-599851969	77.55	88.142	NA
AX-602245470	77.763	NA	77.07
AX-601864781	78.038	NA	77.345
AX-611653529	78.038	NA	77.345
AX-599880917	78.13	NA	77.437
AX-599880824	78.13	NA	77.437
AX-601865379	78.313	NA	77.62
AX-599878185	78.313	NA	77.62
AX-599851770	78.313	NA	77.62
AX-601865261	78.313	NA	77.62
AX-605435994	78.313	NA	77.62
AX-611704110	78.313	NA	77.62
AX-599852856	78.313	NA	77.62
AX-599878080	78.313	NA	77.62
AX-601864054	78.313	NA	77.62
AX-601863779	78.588	NA	77.895
AX-599876320	78.588	NA	77.895
AX-599849513	78.68	NA	77.987
AX-599849585	78.68	NA	77.987
AX-117407558	78.772	NA	78.079
AX-599849175	78.955	NA	78.262
AX-599848917	79.138	NA	78.445
AX-611649185	79.138	NA	78.445
AX-611700237	79.138	NA	78.445
AX-599845271	79.138	NA	78.445
AX-611698544	79.138	NA	78.445
AX-599841517	79.139	NA	78.446
AX-605425862	79.139	NA	78.446
AX-611649170	79.139	NA	78.446
AX-117410356	79.139	NA	78.446
AX-605427604	79.139	NA	78.446
AX-599847389	79.139	NA	78.446
AX-606044715	79.139	NA	78.446
AX-599873421	79.139	NA	78.446
AX-388283823	79.139	NA	78.446
AX-600439673	79.139	NA	78.446
AX-601864392	79.139	NA	78.446
AX-601862962	79.139	NA	78.446
AX-605425777	79.139	NA	78.446
AX-599839524	79.322	NA	78.629
AX-601592265	79.322	NA	78.629
AX-601592263	79.414	NA	78.721
AX-605425529	79.414	NA	78.721
AX-611693501	79.414	NA	78.721
AX-599839463	79.414	NA	78.721
AX-601596229	79.414	NA	78.721
AX-599837922	79.505	NA	78.812
AX-611642506	79.506	90.098	78.813
AX-601863306	79.506	NA	78.813
AX-599865145	79.506	NA	78.813
AX-611642594	79.506	NA	78.813
AX-611642238	79.506	NA	78.813
AX-605432111	79.597	NA	78.904
AX-599863693	79.597	NA	78.904
AX-606043041	79.597	NA	78.904
AX-599835468	79.597	NA	78.904
AX-601596126	79.597	NA	78.904
AX-389666152	79.597	NA	78.904
AX-599861086	79.597	NA	78.904
AX-387877127	79.597	NA	78.904
AX-611691232	79.597	NA	78.904
AX-599863064	79.597	NA	78.904
AX-388920702	79.597	NA	78.904
AX-601596140	79.597	NA	78.904
AX-599832434	79.781	NA	79.088
AX-388297573	79.781	NA	79.088
AX-599831607	79.781	NA	79.088
AX-389038311	79.781	NA	79.088
AX-601862003	79.781	NA	79.088
AX-602063803	79.872	NA	79.179
AX-601187388	79.872	NA	79.179
AX-605741864	79.872	NA	79.179
AX-601195384	79.872	NA	79.179
AX-601195218	79.872	NA	79.179
AX-601195154	79.872	NA	79.179
AX-602063772	79.873	NA	79.18
AX-389793974	79.873	NA	79.18
AX-601623550	79.873	NA	79.18
AX-553211214	79.873	NA	79.18
AX-602063585	79.873	NA	79.18
AX-601194864	79.873	NA	79.18
AX-602063454	79.964	NA	79.271
AX-389322201	79.964	NA	79.271
AX-602060486	80.239	NA	79.546
AX-614203815	80.239	NA	79.546
AX-601190789	80.239	NA	79.546
AX-601191372	80.239	NA	79.546
AX-605741117	80.239	NA	79.546
AX-601192669	80.239	NA	79.546
AX-601184508	80.239	NA	79.546
AX-601185038	80.239	NA	79.546
AX-601184688	80.239	NA	79.546
AX-602062935	80.239	NA	79.546
AX-605747975	80.333	NA	79.64
AX-601592434	90.765	90.765	NA
